stage,speed,hr,blood_lactate,speed_kmh,predicted_lactate,abs_error
1,2.0,120,1.4,7.2,3.141062311366872,1.7410623113668722
2,2.4,135,1.9,8.64,3.0903789264749904,1.1903789264749904
3,2.8,148,2.6,10.08,3.5597654224282467,0.9597654224282466
4,3.2,158,3.5,11.520000000000001,4.1348041856310385,0.6348041856310385
5,3.6,167,4.8,12.96,4.70129786835526,0.09870213164473984
6,4.0,175,6.7,14.4,5.335858632763664,1.3641413672363365
7,4.4,183,9.1,15.840000000000002,5.988444240388347,3.1115557596116528
